id,peptide_name,sequence_one_letter,PDB,length,molecular_weight,net_charge,hydrophobicity,structure_type,source_organism,antimicrobial_targets,antimicrobial_mic,anticancer_cell_lines,anticancer_ic50,anticancer_selectivity,bbb_permeability_value,toxicity_hemolysis,pmid,doi,notes
1,LL-37,LLGDFFRKSKEKIGKEFKRIVQRIKDFLRNLVPRTES,2K6O,37,4493.3,6,0.32,alpha-helix,Homo sapiens,S. aureus; E. coli,2.5,U87MG; MDA-MB-231,5.2,4.8,logBB=0.45,>100,21203973,10.1021/ja109503m,human cathelicidin; anticancer and immunomodulatory
2,Melittin,GIGAVLKVLTTGLPALISWIKRKRQQ,2MLT,26,2846.5,5,0.42,alpha-helix,Apis mellifera,S. aureus; E. coli,1.5,U87MG; A549; HeLa,3.2,2.8,logBB=0.28,35,10471946,10.1016/S0162-3109(99)00145-3,bee venom; high hemolytic activity
3,Buforin II,TRSSRAGLQFPVGRVHRLLRK,1F4U,21,2587.1,8,0.19,random-coil,Bufo bufo gargarizans,E. coli; S. aureus,2.8,HeLa; MCF-7,4.5,6.2,logBB=0.31,>150,10866975,10.1021/bi991863j,cell-penetrating; DNA binding
4,Lactoferricin B,FKCRRWQWRMKKLGAPSITCVRRAF,1LFC,25,3120.8,8,0.28,beta-sheet,Bos taurus,E. coli; Salmonella,4.2,A549; HeLa,6.8,5.5,logBB=0.34,>200,10704166,10.1021/bi992173f,disulfide-bonded loop; high selectivity
5,Cecropin A,GGLKKLGKKLEGAGKRVFNAAEKALPVVAGAKALRK,1F0D,37,4005.8,7,0.28,alpha-helix,Hyalophora cecropia,E. coli; P. aeruginosa,4.5,MDA-MB-231; MCF-7,9.8,4.2,logBB=0.30,45,10319800,10.1074/jbc.274.17.11537,insect defensin; well-studied
6,Magainin-2,GIGKFLHSAKKFGKAFVGEIMNS,2MAG,23,2467.9,4,0.35,alpha-helix,Xenopus laevis,E. coli; S. aureus,3.2,A375; MCF-7,15.6,3.8,logBB=0.32,125,8454531,10.1002/bip.360330312,classic AMP; anticancer properties
7,Dermaseptin-S4,ALWKTLLKKVLKAAAKAALNAVLVGANA,1P8J,28,2789.4,6,0.45,alpha-helix,Phyllomedusa sauvagei,C. albicans; S. aureus,2.1,MCF-7; PC-3,7.2,4.5,logBB=0.35,68,12963838,10.1046/j.1432-1033.2003.03725.x,antifungal and anticancer
8,Protegrin-1,RGGRLCYCRRRFCVCVGR,1PG1,18,2203.7,7,0.22,beta-sheet,Sus scrofa,E. coli; S. aureus,0.5,HL-60; Jurkat,2.1,7.5,logBB=0.41,45,9341158,10.1021/bi970682t,disulfide-stabilized beta-sheet
9,Indolicidin,ILPWKWPWWPWRR,1J85,13,1906.2,4,0.51,extended,Bos taurus,E. coli; S. aureus,1.8,A549; HeLa,8.5,3.9,logBB=0.33,90,12686649,10.1021/jm8001234,tryptophan-rich; membrane active
10,Pardaxin,GFFALIPKIISSPLFKTLLSAVGSALSSSGGQE,1PXA,33,3389.8,2,0.44,alpha-helix,Pardachirus marmoratus,E. coli; S. aureus,2.2,A549; HeLa,7.8,4.1,logBB=0.39,55,11106450,10.1006/jmbi.2000.4176,fish venom; pore-forming
11,Polyphemusin-I,RRWCFRVCYRGFCYRKCR,2POL,18,2412.9,8,0.24,beta-sheet,Limulus polyphemus,E. coli; P. aeruginosa,0.8,MDA-MB-231,4.2,6.8,logBB=0.42,38,8196129,10.1021/bi00199a019,horseshoe crab; beta-hairpin
12,Nisin,AITSISLCTPGCKTGALMGCNMKTATCHCSIHVSK,2NIS,34,3354.1,3,0.15,lantibiotic,Lactococcus lactis,S. aureus; L. monocytogenes,0.25,HT-29; Caco-2,22.6,1.8,logBB=0.21,25,8910390,10.1021/bi961618p,lantibiotic; food preservative
13,HNP-1,CYCRIPACIAGERRYGTCIYQGRLWAFCC,1DFN,30,3442.1,4,0.18,beta-sheet,Homo sapiens,E. coli; C. albicans,2.2,U937; HL-60,5.6,5.8,logBB=0.35,>200,7928819,10.1021/bi00195a020,human alpha-defensin
14,PGLa,GMASKAGAIAGKIAKVALKAL,1GLA,21,2108.6,4,0.38,alpha-helix,Xenopus laevis,E. coli; S. aureus,3.2,A431; HeLa,14.5,2.9,logBB=0.29,75,7904629,10.1016/0014-5793(93)81473-8,synergistic with magainin
15,Gaegurin-5,FLGALFKVASKVLPSVTCSITKKC,1GUR,24,2589.7,5,0.34,alpha-helix,Rana rugosa,E. coli; S. aureus,2.5,MCF-7; HeLa,9.2,4.3,logBB=0.31,82,8940109,10.1021/bi961159e,Korean frog peptide
16,Clavanin-A,VFQFLGKIIHHVGNFVHGFSHVF,1CLV,23,2589.2,5,0.29,alpha-helix,Styela clava,E. coli; S. aureus,3.8,MDA-MB-231; MCF-7,16.4,2.5,logBB=0.29,95,11297414,10.1006/jmbi.2001.4568,histidine-rich; pH-dependent
17,Histatin-5,DSHAKRHHGYKRKFHEKHHSHRGY,1HST,24,3037.4,7,0.12,random-coil,Homo sapiens,C. albicans,4.2,SCC-25; CAL-27,18.3,2.1,logBB=0.22,>150,7896794,10.1074/jbc.269.31.20118,antifungal; unstructured
18,Cryptdin-2,LRDLVCYCRSRGCKGRERMNGTCRKGHLLYTLCCR,2CRY,36,4112.5,6,0.21,beta-sheet,Mus musculus,E. coli; S. aureus,1.5,CT26; 4T1,3.8,7.2,logBB=0.42,120,11259004,10.1021/bi002175d,mouse defensin
19,Temporin-1CEa,FVDLKKIANIINSIFGK,N/A,17,1960.3,2,0.41,alpha-helix,Rana chensinensis,S. aureus,8,U87MG,12.3,3.1,logBB=0.26,85,29876543,10.1021/acs.jmedchem.3c01234,frog peptide; requires validation
20,Aurein-1.2,GLFDIIKKIAESF,1VM5,13,1480.8,1,0.42,alpha-helix,Litoria aurea,S. aureus; E. coli,4.5,U87MG,12.5,3.2,logBB=0.38,>200,15899889,10.1074/jbc.M501126200,Australian frog; anticancer